{"cameraMode":{"drawMode":0,"name":"Shaded","section":"Shading Mode"},"sceneLighting":true,"audioPlay":false,"sceneViewState":{"m_AlwaysRefresh":false,"showFog":true,"showSkybox":true,"showFlares":true,"showImageEffects":true,"showParticleSystems":true,"showVisualEffectGraphs":true,"m_FxEnabled":true},"in2DMode":false,"pivot":{"x":-30.464689254760743,"y":151.6414794921875,"z":-176.2238006591797},"rotation":{"x":-0.1734352558851242,"y":0.011170126497745514,"z":-0.002457112306728959,"w":-0.9849086403846741},"size":23.627838134765626,"orthographic":false}