{"cameraMode":{"drawMode":0,"name":"Shaded","section":"Shading Mode"},"sceneLighting":true,"audioPlay":false,"sceneViewState":{"m_AlwaysRefresh":false,"showFog":true,"showSkybox":true,"showFlares":true,"showImageEffects":true,"showParticleSystems":true,"showVisualEffectGraphs":true,"m_FxEnabled":true},"in2DMode":false,"pivot":{"x":-27.267210006713868,"y":150.92373657226563,"z":-187.1403045654297},"rotation":{"x":-0.1778777539730072,"y":0.005255770403891802,"z":-0.0014416619669646025,"w":-0.9841718077659607},"size":25.079282760620118,"orthographic":false}